Country,Indicator,2007,2008,2009,2010,2011,2012,2013,2014,2015,2016,2017,2018
Afghanistan,"Air transport, passengers carried",..,..,..,1999127,2279341.18,1737962.126,2044188,2209428,1929907,1917924,1647425,1722612.61
Albania,"Air transport, passengers carried",238913,243691,231263,768533,829778.9239,814339.7303,865848,151632,..,26634,204090,303137
Algeria,"Air transport, passengers carried",2813018,2884506,4370917,3372283,3543663,4082595,4492436.963,5021288.963,5400896,6093416,6230157,6442442
American Samoa,"Air transport, passengers carried",..,..,..,49772.7887,50641.72277,56096.97968,72240,76944,..,..,..,..
Andorra,"Air transport, passengers carried",..,..,..,..,..,..,..,..,..,..,..,..
Angola,"Air transport, passengers carried",277361,283887,274869,1010194,987798,1132424,1321872,1409952,1244491,1482546,1375523,1516628
Antigua and Barbuda,"Air transport, passengers carried",800207,813010,747969,1554309,1424420.155,1310276.413,1218000,1216152,1039810,1042929,590517,580174.1568
Argentina,"Air transport, passengers carried",7036784,6147290,5694547,9025035.312,8590839.85,9375669.74,11951276.82,12121912.82,14245183,15076354,16749271,18081937
Armenia,"Air transport, passengers carried",560626,623688,653320,704753,392312,364733,45000,0,..,..,..,..
Aruba,"Air transport, passengers carried",..,..,..,..,..,..,..,..,..,..,223502,274280
Australia,"Air transport, passengers carried",48728837,51488427,50026967,60640913,63360310.34,66355274,68197955,68123237.67,69779346,72446421,74257326,75667645.03
Austria,"Air transport, passengers carried",9140909,9140680,8520740,13493793,14088251.66,14518841.05,15037454,15210489,14718641,14724774,16171640,12935505
Azerbaijan,"Air transport, passengers carried",1440700,756338,839514,796698,1348414,1560084,1651710,1770192,1803112,1961639,2331308,2279546
"Bahamas, The","Air transport, passengers carried",1089636,1088876,979042,967914,1056129.595,1048391.067,576996,991463.3289,900028,937476,921470,1197116.197
Bahrain,"Air transport, passengers carried",..,..,5215512,6028980,5590998.041,5861786.999,4626648,5171496,5313756,5220218,5190484,5877003
Bangladesh,"Air transport, passengers carried",1242865,1224222,1409414,1818901.019,2022388.572,2195061.68,2781708,3051914.733,3997815,3815869,4660739.038,5984155.212
Barbados,"Air transport, passengers carried",..,..,..,..,..,..,..,..,..,..,..,..
Belarus,"Air transport, passengers carried",344290,351165,333252,652142,737599,943081,1159500,1317732,1489035,2057194,2493100,2760168
Belgium,"Air transport, passengers carried",4078094,5878585,4858700,7528586.304,8638553.1,9508165.315,9521421,10535219,11473055,12545322,13676844,13639487
Belize,"Air transport, passengers carried",..,..,..,143928,179471.4135,448015.914,513175.6,877765,935604,990499,1285642,1297533.223
Benin,"Air transport, passengers carried",..,..,..,53012.81818,58314.1,58314.1,137640,60264,112392,899,..,..
Bermuda,"Air transport, passengers carried",..,..,..,..,..,..,..,..,..,..,..,..
Bhutan,"Air transport, passengers carried",53609,52805,49056,181537.3717,226153.1266,193405,207996,302160,162864,224101,254643,275849
Bolivia,"Air transport, passengers carried",1744663,1718196,1537032,1781340,2125912.527,2206069.761,2027888,3563043.583,4115271,3678739,4053427.35,4122113
Bosnia and Herzegovina,"Air transport, passengers carried",..,56313,79977,56485.16182,40182.43977,24874.08963,15000,36636,7071,..,..,..
Botswana,"Air transport, passengers carried",227624,236182,233515,290195,415864.0844,415130.021,270996,205992,226549,254396,223673,253417
Brazil,"Air transport, passengers carried",45286990,58763225,67945578,74627064,87860363,94752568,95591641,100403628,102039359,94142377,96395709,102109977
British Virgin Islands,"Air transport, passengers carried",..,..,..,..,..,..,..,..,..,..,..,..
Brunei Darussalam,"Air transport, passengers carried",1017028,1075754,999375,1263270,1312935,1044170,1139784,1061148,1150003,1168609,1172201,1234455
Bulgaria,"Air transport, passengers carried",855229,1073496,798165,801840,932868,973062,1013220,1060147,1063498,1092333,1133069,1022645
Burkina Faso,"Air transport, passengers carried",77810,80543,79345,160000,133709.7792,125693.6964,138996,117420,122590,144950,145049,151531
Burundi,"Air transport, passengers carried",..,..,..,..,..,..,..,..,..,..,..,..
Cabo Verde,"Air transport, passengers carried",793153,807957,776469,570553,620394.7511,597982.6004,600000,590304,548908,565810,336718,140429
Cambodia,"Air transport, passengers carried",307782,211281,183503,277725.0543,499981.518,508688.5094,615123.328,1071179,1103880,1047394,1305297,1411059
Cameroon,"Air transport, passengers carried",453051,470598,466050,0,171007.2,248027.2,287208,275760,267208,343592,236000,265136
Canada,"Air transport, passengers carried",52103547,53718757,52583516,63277409.38,66078011.95,70467400.79,71526725.92,75528607,80228302,85406425,91404001,89380000
Cayman Islands,"Air transport, passengers carried",..,..,..,..,..,..,..,..,..,..,..,..
Central African Republic,"Air transport, passengers carried",..,..,..,..,..,..,..,..,..,..,..,..
Chad,"Air transport, passengers carried",..,..,..,48519.19966,74653.8,52041.6,28080,28332,..,..,..,..
Channel Islands,"Air transport, passengers carried",..,..,..,..,..,..,..,..,..,..,..,..
Chile,"Air transport, passengers carried",7190963,8021939,8097314,9269026,10949863,12892856,13806283,14347893,15006762,16362437,17664974,19517185
China,"Air transport, passengers carried",183613132,191001220,229062099,266293020,292160158,318475924,352795296,390878784,436183969,487960477,551234509,611439830
Colombia,"Air transport, passengers carried",11630594,12338706,12115330,16932435,18768534.77,22012458.84,26929238,28675159,30909723,32262658,32504898,33704037
Comoros,"Air transport, passengers carried",..,..,..,..,..,..,..,..,..,..,..,..
"Congo, Dem. Rep.","Air transport, passengers carried",..,..,..,210913,252408.1796,471536.2046,456000,456228,476353,416033,959738,932043.4385
"Congo, Rep.","Air transport, passengers carried",..,..,..,341640.4292,438178.4704,703966.4211,652452,553944,657927,577780,333899,333899
Costa Rica,"Air transport, passengers carried",1017054,1023665,932581,1697893.889,1829514.947,1770111.378,1498996,1427414,1525922,1572605,1822880,1948546
Cote d'Ivoire,"Air transport, passengers carried",..,..,..,516085,89791.86777,39485.4722,234996,237120,642893,667062,808471,779482
Croatia,"Air transport, passengers carried",1545318,1752603,1679197,1577226,1812519,1872799,1716702,1756070,1782666,1875433,2057804,2093577
Cuba,"Air transport, passengers carried",857213,861352,780484,1578011.789,1478595.959,1313502.684,1395072,1135200,1294458,1333078,942785,560754.332
Curacao,"Air transport, passengers carried",..,..,..,..,..,..,..,..,..,..,..,..
Cyprus,"Air transport, passengers carried",2071648,2111205,1943949,1583627,1263117,1285976,1211208,688368,23405,224653,711554,401408
Czech Republic,"Air transport, passengers carried",4869586,4974879,5048360,5145187,4902816,3594882,5186676,5009995,3378028,4048658,5450671,5727200
Denmark,"Air transport, passengers carried",..,..,..,..,..,..,..,..,..,..,..,..
Djibouti,"Air transport, passengers carried",..,..,..,..,..,..,..,..,..,..,..,..
Dominica,"Air transport, passengers carried",..,..,..,..,..,..,..,..,..,..,..,..
Dominican Republic,"Air transport, passengers carried",..,..,..,19167,28232.1,28442.05,20004,16128,14463,11903,..,..
Ecuador,"Air transport, passengers carried",2630759,2926821,2896528,4818305,4714115,4758406.307,5157521,5675088,5677816,5099726,5121235,5365261
"Egypt, Arab Rep.","Air transport, passengers carried",5829044,6688999,6215870,9518106.013,7708160.107,9081175.146,10593780.18,10278013.11,11109554,11844962,11748510,12340832
El Salvador,"Air transport, passengers carried",2536820,2279763,1996982,1816391.104,2151274,2523296,2509003,2816524,2597649,2603129,2670560,2545105
Equatorial Guinea,"Air transport, passengers carried",..,..,..,25969.38236,130197.6,316620.85,401712,303024,400758,458222,496322,466435.1193
Eritrea,"Air transport, passengers carried",..,..,..,..,..,..,..,..,53074,66927,102729,102729
Estonia,"Air transport, passengers carried",651323,685582,395532,582320.2028,614933,914519,627588,602880,512389,372274,13103,31981
Eswatini,"Air transport, passengers carried",..,..,..,..,..,..,..,..,..,..,..,..
Ethiopia,"Air transport, passengers carried",2290179,2715017,2914056,3347022,4440917.691,5001121.865,5671501,6274582,7074779,8242114,9566378,11501244
Faroe Islands,"Air transport, passengers carried",..,..,..,..,..,..,..,..,..,..,..,..
Fiji,"Air transport, passengers carried",960546,946138,1146591,1259009,1276205.48,1225268.562,1161936,1243824,1336976,1402765,1557876,1670216
Finland,"Air transport, passengers carried",8288683,7916485,7423265,8685772.868,9508050,10731828.49,10467321,10992792,13035848,13754228,12209646,13364839
France,"Air transport, passengers carried",61551258,61214656,58318312,60864422.11,64185339.34,64683769.02,63925151,63434263,65039503,65362743,68316473,70188028
French Polynesia,"Air transport, passengers carried",..,..,..,..,..,..,..,..,..,..,..,..
Gabon,"Air transport, passengers carried",535324,545640,524867,243635.529,121233.3957,42729.31947,0,..,137331,77320,..,..
"Gambia, The","Air transport, passengers carried",..,..,..,0,0,11284,146784,151776,3036,44330,53735,53735
Georgia,"Air transport, passengers carried",304139,310222,294400,164446,222630,178363,189316,196589,232263,220448,341751,516034
Germany,"Air transport, passengers carried",106101747,107941584,103396735,97330734.28,107042775.8,105978474.5,109062321.5,112353098.6,117222850,116713587,114160685,109796202.2
Ghana,"Air transport, passengers carried",..,..,..,169030.9496,491583.0344,691271.9614,396372,407544,390457,359516,681691,467438
Gibraltar,"Air transport, passengers carried",..,..,..,..,..,..,..,..,..,..,..,..
Greece,"Air transport, passengers carried",10206223,9442743,8795133,10352657.53,9569211.419,8785275.456,8761116,11152236,11237054,12689082,13852857,15125933.52
Greenland,"Air transport, passengers carried",..,..,..,..,..,..,..,..,..,..,..,..
Grenada,"Air transport, passengers carried",..,..,..,..,..,..,..,..,..,..,..,..
Guam,"Air transport, passengers carried",..,1255510,1172372,..,..,..,..,..,..,..,..,..
Guatemala,"Air transport, passengers carried",..,..,..,313892,326146.2062,288013.9008,78264,69768,93129,111830,155524,145795
Guinea,"Air transport, passengers carried",..,..,..,..,..,..,..,..,..,..,..,..
Guinea-Bissau,"Air transport, passengers carried",..,..,..,..,..,..,..,..,..,..,..,..
Guyana,"Air transport, passengers carried",..,..,..,273160,340267.6232,247780.3477,0,0,..,..,..,26069
Haiti,"Air transport, passengers carried",..,..,..,..,..,..,..,..,..,..,..,..
Honduras,"Air transport, passengers carried",..,..,..,501520,423655.3256,422016.8876,372972,239124,276689,275587,248964,411989
"Hong Kong SAR, China","Air transport, passengers carried",24133664,25401266,23973030,28347688,30293677,32247332.08,34644497,37933773,41867157,43683583,45580297,47101822
Hungary,"Air transport, passengers carried",3133574,3111575,2952885,12477063.18,13729553.53,12289555.08,13926540,16482060,20043787,21399963,26066294,31226848
Iceland,"Air transport, passengers carried",1720496,1423422,1364651,1851416.842,2150527,2400160,2602714,3035882.779,4134980,5710834,7242611,7819740.56
India,"Air transport, passengers carried",51897450,49877935,54446373,64374253.8,73996912,72151828.89,75589071,82718882.88,98927860,119577835,139752424,164035637.5
Indonesia,"Air transport, passengers carried",30405918,29766093,27421235,59384361.61,70912258.11,79405799.81,81721356,85215879.51,90095131,99274010,108393123,115154100.9
"Iran, Islamic Rep.","Air transport, passengers carried",13915755,12029236,13052716,18760850.38,19113946.16,17687478.52,16580818.01,16825260.83,13873256,17084581,26858178.78,25604871.41
Iraq,"Air transport, passengers carried",..,..,..,641129,761778.1744,784944.253,476484,476484,2142554,2019816,1591490.01,2075065.8
Ireland,"Air transport, passengers carried",60099058,69447262,77747207,84784226,89956333.51,92637189.19,93408036,98449140,115928738,134065078,153944513,167598633
Isle of Man,"Air transport, passengers carried",..,..,..,..,..,..,..,..,..,..,..,..
Israel,"Air transport, passengers carried",4662615,4563041,4605452,5084798,5151469,5381980,5565864,5886728,6331198,6866472,6993888,7404373
Italy,"Air transport, passengers carried",37830745,30672048,33194501,32645164,33923370.51,31072962.16,27846220,27193939,28603919,29120041,26288001,27630435.6
Jamaica,"Air transport, passengers carried",1618165,1644056,1380000,0,0,0,46272,76244,92836,136744,151326,180951.272
Japan,"Air transport, passengers carried",99842338,97022471,86896527,109617021,89788818,98907859,107573000,110547000,114128000,117708000,123898000,126387527
Jordan,"Air transport, passengers carried",2246212,2355285,2323750,3077036.696,3267109.736,3438356,3294911,3211795,3065145,3181283,3381677,3383805
Kazakhstan,"Air transport, passengers carried",1295050,1275624,1192714,3098327,3786453.064,4064819.023,4785588,4918608,5081632,5007869,6903190,7143797
Kenya,"Air transport, passengers carried",2857464,2880546,2948920,4039583,4508698.012,4653459.735,4516500,4448530.528,4569473,4848016,5109576,5935831.097
Kiribati,"Air transport, passengers carried",..,..,..,..,..,..,..,..,..,..,66567,66567
"Korea, Dem. Peopleâ€™s Rep.","Air transport, passengers carried",110634,108974,101237,73052,78558.86155,100113.3486,371004,90335.875,87082,94919,103560,103560
"Korea, Rep.","Air transport, passengers carried",36655313,36077655,34168590,36987982,39911749.59,39969577.02,54530105,58289180,66093149,76859538,82818983,88157579
Kosovo,"Air transport, passengers carried",..,..,..,..,..,..,..,..,..,..,..,..
Kuwait,"Air transport, passengers carried",2659769,2523966,2597076,4563082,3722729.503,3481039,3244805,3530851,3752995,4069935,5731748,6464847
Kyrgyz Republic,"Air transport, passengers carried",274981,204525,309488,375602,526018.0125,494640.4268,771165,712284,967629,1015750,1122951,709198.9325
Lao PDR,"Air transport, passengers carried",328326,323401,302596,443778,532707,877949.8814,1476528,1310124,1181188,1220201,1196041,1251961.786
Latvia,"Air transport, passengers carried",1344912,1371810,1301848,3158051,3299391,2888683,2754720,2636612.759,2527368,2843133,3441024,4058762
Lebanon,"Air transport, passengers carried",1074219,1067774,1308382,1893359,2029610,2148669,2241480,2419476,2591297,2647258,2879528,2981937
Lesotho,"Air transport, passengers carried",..,..,..,..,..,..,..,..,..,..,..,..
Liberia,"Air transport, passengers carried",..,..,..,..,..,..,..,..,..,..,..,..
Libya,"Air transport, passengers carried",1204107,1213854,1147234,2928705.68,2284066.501,1398125.134,2744844,2391856,1430460,1283181,1186424,927153.8807
Liechtenstein,"Air transport, passengers carried",..,..,..,..,..,..,..,..,..,..,..,..
Lithuania,"Air transport, passengers carried",423585,609847,616514,81450,69445,592996,1009728,1274911,1363946,1046012,1069268,26031
Luxembourg,"Air transport, passengers carried",1039067,1059848,681482,786920,785200,781146,1555788,1710624,1830972,1845726,1901012,2099102
"Macao SAR, China","Air transport, passengers carried",2393294,1866141,1427324,1329721,1327732,1561850,1767100,2078758,2276436,2788571,2776815,3157724
Madagascar,"Air transport, passengers carried",616433,558981,499526,524296,544100.7273,588169,539208,520421,458572,441861,486425,541290
Malawi,"Air transport, passengers carried",154837,159917,157007,91520.1894,82709.54499,53518.998,5856,5856,6011,6744,10545,10545
Malaysia,"Air transport, passengers carried",21325754,22420870,23766316,34239014.17,38218608.85,39165195.22,47995842,49673884,50345820,53817353,58711937,60481772
Maldives,"Air transport, passengers carried",92483,91096,85448,..,..,..,..,1024693.845,1313533,1409704,1485752,1147247
Mali,"Air transport, passengers carried",..,..,..,303692,363857.3759,181742.6142,33444,0,..,..,..,..
Malta,"Air transport, passengers carried",1674773,1708268,1992900,1699829,1673765,1535101,1603404,1588165,1583046,1500824,1575125,2576898
Marshall Islands,"Air transport, passengers carried",29980,29530,27692,..,..,..,..,..,..,..,22435,24313
Mauritania,"Air transport, passengers carried",154662,153895,142355,524817.8947,381075.9236,325239.5236,261696,271212,248158,280215,418817,454435.6972
Mauritius,"Air transport, passengers carried",1277957,1256746,1092580,1265458,1321491,1313976,1318052,1354388,1466527,1593666,1674395,1745291
Mexico,"Air transport, passengers carried",20952513,18825976,15728171,31269061,29538937,32909408.72,35986501.82,39570522,46966763,53313307,58537832,64569640
"Micronesia, Fed. Sts.","Air transport, passengers carried",..,..,..,..,..,..,..,..,..,..,..,..
Moldova,"Air transport, passengers carried",314361,401199,402423,479457,540679,543872,557653,692496,1005936,936254,1092606,1135999
Monaco,"Air transport, passengers carried",101753,84660,63876,59658,63186,65404.36364,64524,64188,60382,12137,316,316
Mongolia,"Air transport, passengers carried",380708,364470,257233,391188,496649.1077,626469.9665,585864,683254,529311,537853,602775,670360
Montenegro,"Air transport, passengers carried",..,..,..,659355.4148,523356,544519,528852,503040,526980,544597,507637,565522
Morocco,"Air transport, passengers carried",4623543,4927341,4930683,7144446,7502696.745,6563646.676,6507408,6976810,7043971,7738637,8667392,8132917
Mozambique,"Air transport, passengers carried",443010,461125,490019,558192,577019.8145,559608.7957,701472,739636.7441,676028,632965,569211,540124
Myanmar,"Air transport, passengers carried",1662866,1637923,1527346,924207,1539676,1663425.435,1572120,1926969,2095503,2741388,3149037,3407788.433
Namibia,"Air transport, passengers carried",430741,452167,454855,485849,540867.9,632330.085,510000,522216,553322,558713,623076,602893
Nauru,"Air transport, passengers carried",..,..,210424,30195.52105,34884.32689,19334.84785,16488,34572,38859,47252,45457,45457
Nepal,"Air transport, passengers carried",528226,520303,484394,917939,901116.1179,776864.1216,643140,517548,510342,634292,2443630.512,3296953
Netherlands,"Air transport, passengers carried",28857440,29601230,29108547,26979676.63,29959476.4,31672223.98,33455251,33956338,35687843,40078714,42763443,43996044.58
New Caledonia,"Air transport, passengers carried",..,..,..,..,..,..,..,..,..,..,..,..
New Zealand,"Air transport, passengers carried",12545766,12950904,12104116,13295185,13747024.21,13937353.94,14434056,13618712,14385078,15300409,16271523,17249049.95
Nicaragua,"Air transport, passengers carried",..,..,..,..,..,..,..,..,..,..,..,..
Niger,"Air transport, passengers carried",..,..,..,0,0,119652,87936,13227.5,15243,15044,14713,..
Nigeria,"Air transport, passengers carried",1363435,1460900,1365343,4197375,4793913.274,4716148.081,4209624,4462001.63,4613169,4110075,4789878,8169192.31
North Macedonia,"Air transport, passengers carried",234366,196420,86868,..,..,..,..,..,..,..,..,..
Northern Mariana Islands,"Air transport, passengers carried",..,..,..,..,..,..,..,..,..,..,..,..
Norway,"Air transport, passengers carried",..,..,..,..,..,..,..,..,..,..,..,..
Oman,"Air transport, passengers carried",..,..,2360682,3262849,3795755,4430383,4994729,5051804,6365784,7709851,9035230,10438241
Pakistan,"Air transport, passengers carried",5439144,5605758,5303268,6588114,7940545.076,7973906.361,7833901.088,7670348.185,8467827,9628354,7260769,6880637
Palau,"Air transport, passengers carried",..,..,..,..,..,..,..,..,..,..,..,..
Panama,"Air transport, passengers carried",2473261,2762458,6348000,5524157.43,6380080.184,7517581.277,11656416,11812712.84,12193261,13285098,11975372,12939350
Papua New Guinea,"Air transport, passengers carried",918665,904885,847353,1405169,1563593.853,1630308.432,1870968,2074020,1679156,1711274,1864653,964713
Paraguay,"Air transport, passengers carried",458688,465911,428493,715072,845395.6888,794176,711548.47,608844,452004,467713,454276,560631
Peru,"Air transport, passengers carried",5273188,6184410,5843195,7106025.293,8609620.354,10074855.61,12255937.76,12284677,13877662,15081755,16094150,17758527.27
Philippines,"Air transport, passengers carried",8818150,9508389,10480898,22575356,26326620.76,28540727.36,25540880,34897404,37023422,40206684,39341995,43080118
Poland,"Air transport, passengers carried",4269655,4634676,4279072,4099082,4448727.06,4909100.392,5002975.749,5038745.426,4448883,5497163,7376512,9277538
Portugal,"Air transport, passengers carried",10320040,11171020,9903771,10428173.51,11014639,11338080,11860998,12635439,12706909,13105120,15937325,17367956
Puerto Rico,"Air transport, passengers carried",..,..,..,..,..,..,..,..,..,..,..,..
Qatar,"Air transport, passengers carried",8879109,9702479,10211229,12391268,14568106,17187171,18737348,21425066,25263224,31209097,29949181,29178923
Romania,"Air transport, passengers carried",3003872,3253417,3268022,3733253,3659209,3593312,3087143,3067724.4,3634598,3686938,4423249,4908235
Russian Federation,"Air transport, passengers carried",33187839,37940321,34402844,43855539,50555805,58727125,64072322,72189961,76846126,77458318,89373638,99327311
Rwanda,"Air transport, passengers carried",..,..,..,188221,268376.55,593198.45,610992,626928,544541,644559,1031957.04,1073528
Samoa,"Air transport, passengers carried",294927,290503,270908,..,..,..,..,76944,98950,116167,81921,137770
San Marino,"Air transport, passengers carried",..,..,..,..,..,..,..,..,..,..,..,..
Sao Tome and Principe,"Air transport, passengers carried",50440,51921,50716,..,..,..,..,..,..,..,..,..
Saudi Arabia,"Air transport, passengers carried",17141188,16708204,17508200,20323592,23135735,26537661,28252104,32269452,33431736,35092840,37503000,39141660
Senegal,"Air transport, passengers carried",538845,567101,572609,0,391401.4,543987.6,219996,131964,115355,9874,21038,21038
Serbia,"Air transport, passengers carried",1118404,1135322,926618,985072,1149102,1240709,1241352,2187144,2427047,2486009,2442731,2262703
Seychelles,"Air transport, passengers carried",574515,586106,564580,412714,393834,235994,344436,407280,497496,567914,633518,455201
Sierra Leone,"Air transport, passengers carried",20252,21420,21784,0,48789,50193,..,..,..,..,..,..
Singapore,"Air transport, passengers carried",20671341,21050204,18427473,24859825.16,26509929.14,29138458.27,31729241,33643518.42,33585397,35370328,38094990,40401515
Sint Maarten (Dutch part),"Air transport, passengers carried",..,..,..,..,..,..,..,..,..,..,..,..
Slovak Republic,"Air transport, passengers carried",2679227,2690428,3440816,74856,34859,45111,64008,29031.5983,11098,12928,7925,..
Slovenia,"Air transport, passengers carried",945420,1103685,953378,979803,972711,816630,857000,916981,1045409,1009559,1087075,1094762
Solomon Islands,"Air transport, passengers carried",102090,100558,94027,142660,140183.2639,138160.1153,302412,330456,373739,373467,427806,427806
Somalia,"Air transport, passengers carried",..,..,..,163812.7458,177005.4,178709.7,258336,251652,..,4486,4486,4486
South Africa,"Air transport, passengers carried",12870324,13135437,12503629,15781210,16407784.96,17571565.2,16311250,17026643.22,18882898,19744932,20821044,23921748.07
South Sudan,"Air transport, passengers carried",..,..,..,..,..,..,..,..,..,..,..,..
Spain,"Air transport, passengers carried",60664991,55213716,49289158,52847712.61,52736140.93,48089178.33,48056735.82,53069339,60564041,66674868,71598374,80672105
Sri Lanka,"Air transport, passengers carried",3206766,2951506,2417713,3008322.692,3665394,4616417,4793393.4,4756131,4911730,5284585,5403577,5882376
St. Kitts and Nevis,"Air transport, passengers carried",..,..,..,..,..,..,..,..,..,..,..,..
St. Lucia,"Air transport, passengers carried",..,..,..,..,..,..,..,..,..,..,..,..
St. Martin (French part),"Air transport, passengers carried",..,..,..,..,..,..,..,..,..,..,..,..
St. Vincent and the Grenadines,"Air transport, passengers carried",..,..,..,..,..,..,..,..,..,..,..,..
Sudan,"Air transport, passengers carried",598151,617785,606558,580325,947031.4561,777346.3319,541644,501864,496177,292843,557792.04,269958.48
Suriname,"Air transport, passengers carried",324821,329788,303117,214667,204096.676,240525.4415,255204,269148,259682,280090,284935,272347
Sweden,"Air transport, passengers carried",..,..,..,..,..,..,..,..,..,..,..,..
Switzerland,"Air transport, passengers carried",12298456,14352757,14701206,22146864,24866065,26386306.6,27503416,27923164,27011762,25859918,26732570,28857994
Syrian Arab Republic,"Air transport, passengers carried",1371450,1358473,1342518,1158366,1433766.695,907927.7418,475932,475932,17902,18117,17564,17896.92117
Tajikistan,"Air transport, passengers carried",501178,683248,764505,616999.4123,846967.3803,650130.5474,683060.1575,1064176.328,1034477,1037897,580374,492320
Tanzania,"Air transport, passengers carried",250849,202704,683541,750421,914932.0376,1030203.575,1173942.818,1124913.454,1312807,1179664,1221678,1481557
Thailand,"Air transport, passengers carried",21191723,19993134,19618735,28780723,31940491.98,36392469.35,43029150.6,46546612.48,56447637,62341676,70704889,76053042.75
Timor-Leste,"Air transport, passengers carried",..,..,..,..,..,..,..,..,..,..,..,..
Togo,"Air transport, passengers carried",..,..,..,663013,832351.1564,745781.7481,840948,426344.0399,420875,475185,500686,566295
Tonga,"Air transport, passengers carried",..,..,..,..,..,..,..,..,..,..,..,..
Trinidad and Tobago,"Air transport, passengers carried",1085650,1102669,1014016,1842253,2625055.713,2625055.713,2865852,2732100,2617843,2598521,2582961,2525130
Tunisia,"Air transport, passengers carried",2054679,2274580,2278964,2739634,3153388.977,3580910.219,4648608,4628511,3496190,3606247,3963968,4274199
Turkey,"Air transport, passengers carried",22895275,25505092,31339441,45665249,53500303,63350312,74413804.62,84574844,96604665,100366461,107917326,115595495.8
Turkmenistan,"Air transport, passengers carried",1850921,1823157,1706055,300970,160243.7654,147500,1800847.458,579715.68,897079,1318350,2136219,2457474
Turks and Caicos Islands,"Air transport, passengers carried",..,..,..,..,..,..,..,..,..,..,..,..
Tuvalu,"Air transport, passengers carried",..,..,..,..,..,..,..,..,..,..,..,..
Uganda,"Air transport, passengers carried",59715,63160,64234,154909,141603,182144.4,198804,163824,41812,52187,14958,21537
Ukraine,"Air transport, passengers carried",1736018,3456288,3427818,3956053,5477654.918,5828107.612,5218814.574,4503610,4620530,5756509,6794396,7854842
United Arab Emirates,"Air transport, passengers carried",..,..,31761631,44948143.85,50342891.8,59948766.7,68151865,75608196,84343562,91763598,95306195,95533069
United Kingdom,"Air transport, passengers carried",101622807,104713553,102464509,101515720.2,111598546.1,115419920.6,118605866,124901676.1,131512994,143781714,151159067,165388610
United States,"Air transport, passengers carried",744302310,701779551,679423408,720497000,730796000,736699000,743171000,762710000,798222000,824039000,849403000,889022000
Uruguay,"Air transport, passengers carried",602996,612644,563632,..,..,..,..,..,..,..,..,..
Uzbekistan,"Air transport, passengers carried",1940378,2033933,1850056,2114050,2275947,2593509,2614085,2545935,2486673,2383631,2581865,3056558
Vanuatu,"Air transport, passengers carried",122581,120742,112169,247944,240396.4377,318747,327060,320232,272332,299315,341110,374603
"Venezuela, RB","Air transport, passengers carried",5495292,5766973,5121009,6428163,7728281.254,7738509.645,6866780.599,7888722.399,7086072,6025475,4209158,2137771
Vietnam,"Air transport, passengers carried",7194443,9991145,11073604,14377619,16544477.83,16976051.38,20429309.91,23826013.27,29944771,37349272,42592762,47049671
Virgin Islands (U.S.),"Air transport, passengers carried",..,..,..,..,..,..,..,..,..,..,..,..
West Bank and Gaza,"Air transport, passengers carried",..,..,..,..,..,..,..,..,..,..,..,..
"Yemen, Rep.","Air transport, passengers carried",1073493,1064878,1050486,1536556,1492073.329,1299707.239,1664220,1665552,443685,242723,132571,336310
Zambia,"Air transport, passengers carried",61589,62467,..,260502,306034.3,127296.65,10032,8592,203617,144060,154573,8904
Zimbabwe,"Air transport, passengers carried",254783,264404,261480,258828,279347.6184,320945.9998,351564,301260,370165,378803,282539,282539
Arab World,"Air transport, passengers carried",51722644,53542019,95372047,126796491.9,135837641.4,152014159.7,166209279.1,181627311.1,195957046,214318723,223496214.1,228275181.8
Caribbean small states,"Air transport, passengers carried",4918479,4978399,4424144,4996231,5829441.176,5920044.896,5475499.6,6162872.329,5845803,5986259,5816851,6079320.849
Central Europe and the Baltics,"Air transport, passengers carried",23721701,25261998,24733789,32710131.38,34477031.59,32490649.47,35246300.75,37875158.18,39811670,42884394,52125994,59467579
Early-demographic dividend,"Air transport, passengers carried",245988633,244712190,259076645,370779756.7,411779408.1,443984379.7,473370786.9,518240248.9,566264222,621441555,679891167.7,739426396.5
East Asia & Pacific,"Air transport, passengers carried",523755806,535907588,555699740,726070353.1,769209920.7,809282604.5,893899315.8,965572758.2,1052102292,1155866926,1266613885,1363172026
East Asia & Pacific (excluding high income),"Air transport, passengers carried",277768225,287719256,326293542,430864598.6,482521208.8,526101395.4,579867089.8,640242859.1,708798867,790494215,881698293,963769251.9
East Asia & Pacific (IDA & IBRD countries),"Air transport, passengers carried",277657591,287610282,326402729,430771969.4,482426892.5,525964519.9,579440333.8,640110151.3,708750644,790446548,881640190,963711148.9
Euro area,"Air transport, passengers carried",407969143,408980682,401882488,414887775.1,439335562.7,437876149.5,441085469.3,458429866,495116034,527688666,558725887,582604112.9
Europe & Central Asia,"Air transport, passengers carried",607952555,623643998,615350087,671844987.3,728739259.9,749916268.9,778805759.9,823125948.6,886634821,941730493,1015616107,1082810024
Europe & Central Asia (excluding high income),"Air transport, passengers carried",69092668,78070042,79638721,106051571,123846313.5,143043780.4,161627137.8,179004742,197093753,203669893,227956251,247482750.7
Europe & Central Asia (IDA & IBRD countries),"Air transport, passengers carried",77911513,87710738,88865012,115461132,133766768.6,153418991.8,171433958.6,188867281.8,206959900,214729427,241813816,263762100.7
European Union,"Air transport, passengers carried",425646377,427781328,419908189,442721426.2,468821255.3,465108860,471018726.1,490844607.8,529467494,565289154,605233486,636860155.9
Fragile and conflict affected situations,"Air transport, passengers carried",..,..,..,26324517.05,29993209.62,28792391.65,29629496.6,31022121.27,28722433,27228652,26440468.05,27447269.66
Heavily indebted poor countries (HIPC),"Air transport, passengers carried",..,..,..,14165092.23,17296028.46,18073364.03,18079383.82,19361000.32,20661772,20915140,23844385.43,25863719.23
High income,"Air transport, passengers carried",1631365964,1600711002,1592784303,1763911953,1820587993,1848528118,1912871376,1991083460,2111401823,2232699612,2340934009,2448980789
IBRD only,"Air transport, passengers carried",571342851,602329034,654666498,850497494.1,948977935.3,1030743896,1123867191,1223688739,1342229140,1461070125,1619971597,1768883236
IDA & IBRD total,"Air transport, passengers carried",599627079,631333677,683927328,891956142.2,997808123.8,1080347427,1174597729,1276673084,1396421827,1517531639,1680834868,1837086756
IDA blend,"Air transport, passengers carried",14980619,15375119,14965530,20774321.43,23867830.73,24663522.39,24098238.09,24165927.34,24997482,25950100,24353773,27699150.41
IDA only,"Air transport, passengers carried",13303609,13629524,..,20684326.65,24962357.72,24940008.35,26632300.3,28818417.64,29195205,30511414,36509497.63,40504369.51
IDA total,"Air transport, passengers carried",28284228,29004643,29260830,41458648.08,48830188.45,49603530.74,50730538.39,52984344.99,54192687,56461514,60863270.63,68203519.92
Late-demographic dividend,"Air transport, passengers carried",444476143,485748645,572829124,685670532.1,761255355.4,830069110.5,907272787.7,985686600.9,1088963002,1190947049,1323673354,1433612745
Latin America & Caribbean,"Air transport, passengers carried",120106257,133677728,140453020,178418790.8,198178802.3,217297987.7,234290843.1,248819233,264217989,266690030,275641368.4,292832219.5
Latin America & Caribbean (excluding high income),"Air transport, passengers carried",106863544,119276132,122703047,159261131.4,175743253.7,191903827.2,204167296.1,217718911.8,232460285,232463569,241682572.4,255798984.1
Latin America & the Caribbean (IDA & IBRD countries),"Air transport, passengers carried",118159408,131727500,138693494,175872865,195644076.8,214936094,232318775.1,246692569.6,262023503,264419476,273553611.4,290800068.9
Least developed countries: UN classification,"Air transport, passengers carried",11015971,11256036,11769610,18083757.29,21798105.78,22619178.96,25019675.15,25990551.47,25697166,27094160,32834897.63,37807273.66
Low & middle income,"Air transport, passengers carried",577770532,607507735,656944243,864349304.8,966365836.9,1045526854,1135403697,1236207927,1355076662,1472402285,1632856454,1783663932
Low income,"Air transport, passengers carried",..,..,..,12378535.55,15015240.92,14387583.41,15498405.16,15783515.49,13902144,14791808,16499896.08,18441745.45
Lower middle income,"Air transport, passengers carried",113126808,117471033,123851532,164165639.1,186498314.3,192296602.8,199257183.3,221717637.3,249599748,285532657,315609022.9,355942959
Middle East & North Africa,"Air transport, passengers carried",71222974,71070884,114274202,151073013.6,160271708.8,175337423.6,188897689.1,204902736.9,217000211,239193056,257942310.8,263132444
Middle East & North Africa (excluding high income),"Air transport, passengers carried",36205520,35864926,38021520,52770471.77,52290259.43,50973534.93,53720922.15,54370978.91,50614910,55760221,66657459.79,66517430.01
Middle East & North Africa (IDA & IBRD countries),"Air transport, passengers carried",36205520,35864926,38021520,52770471.77,52290259.43,50973534.93,53720922.15,54370978.91,50614910,55760221,66657459.79,66517430.01
Middle income,"Air transport, passengers carried",570453390,599614214,648852968,851970769.2,951350596,1031139271,1119905292,1220424411,1341174518,1457610477,1616356558,1765222187
North America,"Air transport, passengers carried",796405857,755498308,732006924,783774409.4,796874012,807166400.8,814697725.9,838238607,878450302,909445425,940807001,978402000
Not classified,"Air transport, passengers carried",..,..,..,..,..,..,..,..,..,..,..,..
OECD members,"Air transport, passengers carried",1593647367,1560664590,1515845154,1671375732,1719685936,1762938477,1827233578,1900416739,2022695003,2133192567,2242138684,2354578269
Other small states,"Air transport, passengers carried",..,..,..,29535977.74,31467772.9,34532854.87,34877522,..,43818107,51705282,..,..
Pacific island small states,"Air transport, passengers carried",1510124,1487471,1861811,1679808.521,1691669.508,1701510.525,1807896,2006028,2120856,2238966,2543172,2746732
Post-demographic dividend,"Air transport, passengers carried",1510562083,1469546762,1409097909,1535018341,1572981002,1599345143,1647552396,1703839062,1789921540,1872020604,1948532976,2033111003
Pre-demographic dividend,"Air transport, passengers carried",..,..,..,17819048.66,20387700.77,20515501.68,19925850.82,19349770.9,21230480,20633300,21624757.05,26424490.55
Small states,"Air transport, passengers carried",..,..,..,36212017.26,38988883.58,42154410.3,42160917.6,47106779.95,51784766,59930507,60503751,61652480.53
South Asia,"Air transport, passengers carried",62460543,60323625,64195666,78888194.89,91031850.07,89645445.18,93893397.49,102251106.6,120221878,142492664,162908959.6,189225467.4
South Asia (IDA & IBRD),"Air transport, passengers carried",62460543,60323625,64195666,78888194.89,91031850.07,89645445.18,93893397.49,102251106.6,120221878,142492664,162908959.6,189225467.4
Sub-Saharan Africa,"Air transport, passengers carried",27232504,28096606,27748907,38191509.14,42648276.4,45408840.8,43790341.82,44380996.12,47850992,49683303,54260831.08,63070540.21
Sub-Saharan Africa (excluding high income),"Air transport, passengers carried",25380032,26253754,26091747,36513337.14,40932951.4,43858870.8,42127853.82,42619328.12,45886969,47521723,51952918.08,60870048.21
Sub-Saharan Africa (IDA & IBRD countries),"Air transport, passengers carried",27232504,28096606,27748907,38191509.14,42648276.4,45408840.8,43790341.82,44380996.12,47850992,49683303,54260831.08,63070540.21
Upper middle income,"Air transport, passengers carried",457326582,482143181,525001436,687805130.1,764852281.7,838842667.7,920648108.8,998706773.8,1091574770,1172077820,1300747535,1409279228
World,"Air transport, passengers carried",2209136496,2208218737,2249728546,2628261258,2786953830,2894054972,3048275073,3227291386,3466478485,3705101897,3973790463,4232644721